{
    "Accuracy": 0.8157894736842105,
    "Precision": 0.8666666666666667,
    "Recall": 0.8297872340425532,
    "F1_Score": 0.8478260869565217,
    "ROC_AUC": 0.9156272927366105
}