{
    "Accuracy": 0.9342105263157895,
    "Precision": 0.9565217391304348,
    "Recall": 0.9361702127659575,
    "F1_Score": 0.946236559139785,
    "ROC_AUC": 0.9860601614086573
}