{
    "Accuracy": 0.8421052631578947,
    "Precision": 0.9069767441860465,
    "Recall": 0.8297872340425532,
    "F1_Score": 0.8666666666666667,
    "ROC_AUC": 0.909024211298606
}