{
    "Accuracy": 0.8026315789473685,
    "Precision": 0.8478260869565217,
    "Recall": 0.8297872340425532,
    "F1_Score": 0.8387096774193549,
    "ROC_AUC": 0.9119589141599412
}