{
    "Accuracy": 0.8289473684210527,
    "Precision": 0.8863636363636364,
    "Recall": 0.8297872340425532,
    "F1_Score": 0.8571428571428571,
    "ROC_AUC": 0.9082905355832722
}