{
    "Accuracy": 0.8421052631578947,
    "Precision": 0.9487179487179487,
    "Recall": 0.7872340425531915,
    "F1_Score": 0.8604651162790697,
    "ROC_AUC": 0.9515774027879677
}