{
    "Accuracy": 0.881578947368421,
    "Precision": 0.9130434782608695,
    "Recall": 0.8936170212765957,
    "F1_Score": 0.9032258064516129,
    "ROC_AUC": 0.8778429933969185
}