{
    "Accuracy": 0.8552631578947368,
    "Precision": 0.9736842105263158,
    "Recall": 0.7872340425531915,
    "F1_Score": 0.8705882352941177,
    "ROC_AUC": 0.9523110785033015
}