{
    "Accuracy": 0.881578947368421,
    "Precision": 0.8958333333333334,
    "Recall": 0.9148936170212766,
    "F1_Score": 0.9052631578947369,
    "ROC_AUC": 0.8712399119589141
}