{
    "Accuracy": 0.9736842105263158,
    "Precision": 0.9787234042553191,
    "Recall": 0.9787234042553191,
    "F1_Score": 0.9787234042553191,
    "ROC_AUC": 0.9721203228173148
}