{
    "Accuracy": 0.9736842105263158,
    "Precision": 0.9591836734693877,
    "Recall": 1.0,
    "F1_Score": 0.9791666666666666,
    "ROC_AUC": 0.9655172413793103
}